{"cameraMode":{"drawMode":0,"name":"Shaded","section":"Shading Mode"},"sceneLighting":true,"audioPlay":false,"sceneViewState":{"m_AlwaysRefresh":false,"showFog":true,"showSkybox":true,"showFlares":true,"showImageEffects":true,"showParticleSystems":true,"showVisualEffectGraphs":true,"m_FxEnabled":true},"in2DMode":false,"pivot":{"x":-4.0914411544799809,"y":11.60024642944336,"z":-19.730072021484376},"rotation":{"x":-0.03836081176996231,"y":-0.3401721119880676,"z":0.013890133239328862,"w":-0.9394754767417908},"size":9.441446304321289,"orthographic":false}