{"cameraMode":{"drawMode":0,"name":"Shaded","section":"Shading Mode"},"sceneLighting":false,"audioPlay":false,"sceneViewState":{"m_AlwaysRefresh":false,"showFog":true,"showSkybox":false,"showFlares":true,"showImageEffects":true,"showParticleSystems":true,"showVisualEffectGraphs":true,"m_FxEnabled":true},"in2DMode":false,"pivot":{"x":22.378189086914064,"y":0.942999005317688,"z":-0.14643406867980958},"rotation":{"x":0.12655623257160188,"y":-0.0059523615054786209,"z":0.0007597709773108363,"w":0.9919404983520508},"size":1.9170315265655518,"orthographic":false}